raceId,round,circuitId,name,date,time
1,1,1,Australian Grand Prix,29/03/2009,06:00:00
2,2,2,Malaysian Grand Prix,05/04/2009,09:00:00
3,3,17,Chinese Grand Prix,19/04/2009,07:00:00
4,4,3,Bahrain Grand Prix,26/04/2009,12:00:00
5,5,4,Spanish Grand Prix,10/05/2009,12:00:00
6,6,6,Monaco Grand Prix,24/05/2009,12:00:00
7,7,5,Turkish Grand Prix,07/06/2009,12:00:00
8,8,9,British Grand Prix,21/06/2009,12:00:00
9,9,20,German Grand Prix,12/07/2009,12:00:00
10,10,11,Hungarian Grand Prix,26/07/2009,12:00:00
11,11,12,European Grand Prix,23/08/2009,12:00:00
12,12,13,Belgian Grand Prix,30/08/2009,12:00:00
13,13,14,Italian Grand Prix,13/09/2009,12:00:00
14,14,15,Singapore Grand Prix,27/09/2009,12:00:00
15,15,22,Japanese Grand Prix,04/10/2009,05:00:00
16,16,18,Brazilian Grand Prix,18/10/2009,16:00:00
17,17,24,Abu Dhabi Grand Prix,01/11/2009,11:00:00
18,1,1,Australian Grand Prix,16/03/2008,04:30:00
19,2,2,Malaysian Grand Prix,23/03/2008,07:00:00
20,3,3,Bahrain Grand Prix,06/04/2008,11:30:00
21,4,4,Spanish Grand Prix,27/04/2008,12:00:00
22,5,5,Turkish Grand Prix,11/05/2008,12:00:00
23,6,6,Monaco Grand Prix,25/05/2008,12:00:00
24,7,7,Canadian Grand Prix,08/06/2008,17:00:00
25,8,8,French Grand Prix,22/06/2008,12:00:00
26,9,9,British Grand Prix,06/07/2008,12:00:00
27,10,10,German Grand Prix,20/07/2008,12:00:00
28,11,11,Hungarian Grand Prix,03/08/2008,12:00:00
29,12,12,European Grand Prix,24/08/2008,12:00:00
30,13,13,Belgian Grand Prix,07/09/2008,12:00:00
31,14,14,Italian Grand Prix,14/09/2008,12:00:00
32,15,15,Singapore Grand Prix,28/09/2008,12:00:00
33,16,16,Japanese Grand Prix,12/10/2008,04:30:00
34,17,17,Chinese Grand Prix,19/10/2008,07:00:00
35,18,18,Brazilian Grand Prix,02/11/2008,17:00:00
36,1,1,Australian Grand Prix,18/03/2007,03:00:00
37,2,2,Malaysian Grand Prix,08/04/2007,07:00:00
38,3,3,Bahrain Grand Prix,15/04/2007,11:30:00
39,4,4,Spanish Grand Prix,13/05/2007,12:00:00
40,5,6,Monaco Grand Prix,27/05/2007,12:00:00
41,6,7,Canadian Grand Prix,10/06/2007,17:00:00
42,7,19,United States Grand Prix,17/06/2007,17:00:00
43,8,8,French Grand Prix,01/07/2007,12:00:00
44,9,9,British Grand Prix,08/07/2007,12:00:00
45,10,20,European Grand Prix,22/07/2007,12:00:00
46,11,11,Hungarian Grand Prix,05/08/2007,12:00:00
47,12,5,Turkish Grand Prix,26/08/2007,12:00:00
48,13,14,Italian Grand Prix,09/09/2007,12:00:00
49,14,13,Belgian Grand Prix,16/09/2007,12:00:00
50,15,16,Japanese Grand Prix,30/09/2007,04:30:00
51,16,17,Chinese Grand Prix,07/10/2007,06:00:00
52,17,18,Brazilian Grand Prix,21/10/2007,16:00:00
53,1,3,Bahrain Grand Prix,12/03/2006,14:30:00
54,2,2,Malaysian Grand Prix,19/03/2006,15:00:00
55,3,1,Australian Grand Prix,02/04/2006,14:00:00
56,4,21,San Marino Grand Prix,23/04/2006,14:00:00
57,5,20,European Grand Prix,07/05/2006,14:00:00
58,6,4,Spanish Grand Prix,14/05/2006,14:00:00
59,7,6,Monaco Grand Prix,28/05/2006,14:00:00
60,8,9,British Grand Prix,11/06/2006,12:00:00
61,9,7,Canadian Grand Prix,25/06/2006,13:00:00
62,10,19,United States Grand Prix,02/07/2006,14:00:00
63,11,8,French Grand Prix,16/07/2006,14:00:00
64,12,10,German Grand Prix,30/07/2006,14:00:00
65,13,11,Hungarian Grand Prix,06/08/2006,14:00:00
66,14,5,Turkish Grand Prix,27/08/2006,15:00:00
67,15,14,Italian Grand Prix,10/09/2006,14:00:00
68,16,17,Chinese Grand Prix,01/10/2006,14:00:00
69,17,22,Japanese Grand Prix,08/10/2006,14:00:00
70,18,18,Brazilian Grand Prix,22/10/2006,14:00:00
71,1,1,Australian Grand Prix,06/03/2005,14:00:00
72,2,2,Malaysian Grand Prix,20/03/2005,15:00:00
73,3,3,Bahrain Grand Prix,03/04/2005,14:30:00
74,4,21,San Marino Grand Prix,24/04/2005,14:00:00
75,5,4,Spanish Grand Prix,08/05/2005,14:00:00
76,6,6,Monaco Grand Prix,22/05/2005,14:00:00
77,7,20,European Grand Prix,29/05/2005,14:00:00
78,8,7,Canadian Grand Prix,12/06/2005,13:00:00
79,9,19,United States Grand Prix,19/06/2005,14:00:00
80,10,8,French Grand Prix,03/07/2005,14:00:00
81,11,9,British Grand Prix,10/07/2005,14:00:00
82,12,10,German Grand Prix,24/07/2005,14:00:00
83,13,11,Hungarian Grand Prix,31/07/2005,14:00:00
84,14,5,Turkish Grand Prix,21/08/2005,15:00:00
85,15,14,Italian Grand Prix,04/09/2005,14:00:00
86,16,13,Belgian Grand Prix,11/09/2005,14:00:00
87,17,18,Brazilian Grand Prix,25/09/2005,14:00:00
88,18,22,Japanese Grand Prix,09/10/2005,14:00:00
89,19,17,Chinese Grand Prix,16/10/2005,14:00:00
90,1,1,Australian Grand Prix,07/03/2004,\N
91,2,2,Malaysian Grand Prix,21/03/2004,\N
92,3,3,Bahrain Grand Prix,04/04/2004,\N
93,4,21,San Marino Grand Prix,25/04/2004,\N
94,5,4,Spanish Grand Prix,09/05/2004,\N
95,6,6,Monaco Grand Prix,23/05/2004,\N
96,7,20,European Grand Prix,30/05/2004,\N
97,8,7,Canadian Grand Prix,13/06/2004,\N
98,9,19,United States Grand Prix,20/06/2004,\N
99,10,8,French Grand Prix,04/07/2004,\N
100,11,9,British Grand Prix,11/07/2004,\N
101,12,10,German Grand Prix,25/07/2004,\N
102,13,11,Hungarian Grand Prix,15/08/2004,\N
103,14,13,Belgian Grand Prix,29/08/2004,\N
104,15,14,Italian Grand Prix,12/09/2004,\N
105,16,17,Chinese Grand Prix,26/09/2004,\N
106,17,22,Japanese Grand Prix,10/10/2004,\N
107,18,18,Brazilian Grand Prix,24/10/2004,\N
108,1,1,Australian Grand Prix,09/03/2003,\N
109,2,2,Malaysian Grand Prix,23/03/2003,\N
110,3,18,Brazilian Grand Prix,06/04/2003,\N
111,4,21,San Marino Grand Prix,20/04/2003,\N
112,5,4,Spanish Grand Prix,04/05/2003,\N
113,6,23,Austrian Grand Prix,18/05/2003,\N
114,7,6,Monaco Grand Prix,01/06/2003,\N
115,8,7,Canadian Grand Prix,15/06/2003,\N
116,9,20,European Grand Prix,29/06/2003,\N
117,10,8,French Grand Prix,06/07/2003,\N
118,11,9,British Grand Prix,20/07/2003,\N
119,12,10,German Grand Prix,03/08/2003,\N
120,13,11,Hungarian Grand Prix,24/08/2003,\N
121,14,14,Italian Grand Prix,14/09/2003,\N
122,15,19,United States Grand Prix,28/09/2003,\N
123,16,22,Japanese Grand Prix,12/10/2003,\N
124,1,1,Australian Grand Prix,03/03/2002,\N
125,2,2,Malaysian Grand Prix,17/03/2002,\N
126,3,18,Brazilian Grand Prix,31/03/2002,\N
127,4,21,San Marino Grand Prix,14/04/2002,\N
128,5,4,Spanish Grand Prix,28/04/2002,\N
129,6,23,Austrian Grand Prix,12/05/2002,\N
130,7,6,Monaco Grand Prix,26/05/2002,\N
131,8,7,Canadian Grand Prix,09/06/2002,\N
132,9,20,European Grand Prix,23/06/2002,\N
133,10,9,British Grand Prix,07/07/2002,\N
134,11,8,French Grand Prix,21/07/2002,\N
135,12,10,German Grand Prix,28/07/2002,\N
136,13,11,Hungarian Grand Prix,18/08/2002,\N
137,14,13,Belgian Grand Prix,01/09/2002,\N
138,15,14,Italian Grand Prix,15/09/2002,\N
139,16,19,United States Grand Prix,29/09/2002,\N
140,17,22,Japanese Grand Prix,13/10/2002,\N
141,1,1,Australian Grand Prix,04/03/2001,\N
142,2,2,Malaysian Grand Prix,18/03/2001,\N
143,3,18,Brazilian Grand Prix,01/04/2001,\N
144,4,21,San Marino Grand Prix,15/04/2001,\N
145,5,4,Spanish Grand Prix,29/04/2001,\N
146,6,23,Austrian Grand Prix,13/05/2001,\N
147,7,6,Monaco Grand Prix,27/05/2001,\N
148,8,7,Canadian Grand Prix,10/06/2001,\N
149,9,20,European Grand Prix,24/06/2001,\N
150,10,8,French Grand Prix,01/07/2001,\N
151,11,9,British Grand Prix,15/07/2001,\N
152,12,10,German Grand Prix,29/07/2001,\N
153,13,11,Hungarian Grand Prix,19/08/2001,\N
154,14,13,Belgian Grand Prix,02/09/2001,\N
155,15,14,Italian Grand Prix,16/09/2001,\N
156,16,19,United States Grand Prix,30/09/2001,\N
157,17,22,Japanese Grand Prix,14/10/2001,\N
158,1,1,Australian Grand Prix,12/03/2000,\N
159,2,18,Brazilian Grand Prix,26/03/2000,\N
160,3,21,San Marino Grand Prix,09/04/2000,\N
161,4,9,British Grand Prix,23/04/2000,\N
162,5,4,Spanish Grand Prix,07/05/2000,\N
163,6,20,European Grand Prix,21/05/2000,\N
164,7,6,Monaco Grand Prix,04/06/2000,\N
165,8,7,Canadian Grand Prix,18/06/2000,\N
166,9,8,French Grand Prix,02/07/2000,\N
167,10,23,Austrian Grand Prix,16/07/2000,\N
168,11,10,German Grand Prix,30/07/2000,\N
169,12,11,Hungarian Grand Prix,13/08/2000,\N
170,13,13,Belgian Grand Prix,27/08/2000,\N
171,14,14,Italian Grand Prix,10/09/2000,\N
172,15,19,United States Grand Prix,24/09/2000,\N
173,16,22,Japanese Grand Prix,08/10/2000,\N
174,17,2,Malaysian Grand Prix,22/10/2000,\N
175,1,1,Australian Grand Prix,07/03/1999,\N
176,2,18,Brazilian Grand Prix,11/04/1999,\N
177,3,21,San Marino Grand Prix,02/05/1999,\N
178,4,6,Monaco Grand Prix,16/05/1999,\N
179,5,4,Spanish Grand Prix,30/05/1999,\N
180,6,7,Canadian Grand Prix,13/06/1999,\N
181,7,8,French Grand Prix,27/06/1999,\N
182,8,9,British Grand Prix,11/07/1999,\N
183,9,23,Austrian Grand Prix,25/07/1999,\N
184,10,10,German Grand Prix,01/08/1999,\N
185,11,11,Hungarian Grand Prix,15/08/1999,\N
186,12,13,Belgian Grand Prix,29/08/1999,\N
187,13,14,Italian Grand Prix,12/09/1999,\N
188,14,20,European Grand Prix,26/09/1999,\N
189,15,2,Malaysian Grand Prix,17/10/1999,\N
190,16,22,Japanese Grand Prix,31/10/1999,\N
191,1,1,Australian Grand Prix,08/03/1998,\N
192,2,18,Brazilian Grand Prix,29/03/1998,\N
193,3,25,Argentine Grand Prix,12/04/1998,\N
194,4,21,San Marino Grand Prix,26/04/1998,\N
195,5,4,Spanish Grand Prix,10/05/1998,\N
196,6,6,Monaco Grand Prix,24/05/1998,\N
197,7,7,Canadian Grand Prix,07/06/1998,\N
198,8,8,French Grand Prix,28/06/1998,\N
199,9,9,British Grand Prix,12/07/1998,\N
200,10,23,Austrian Grand Prix,26/07/1998,\N
201,11,10,German Grand Prix,02/08/1998,\N
202,12,11,Hungarian Grand Prix,16/08/1998,\N
203,13,13,Belgian Grand Prix,30/08/1998,\N
204,14,14,Italian Grand Prix,13/09/1998,\N
205,15,20,Luxembourg Grand Prix,27/09/1998,\N
206,16,22,Japanese Grand Prix,01/11/1998,\N
207,1,1,Australian Grand Prix,09/03/1997,\N
208,2,18,Brazilian Grand Prix,30/03/1997,\N
209,3,25,Argentine Grand Prix,13/04/1997,\N
210,4,21,San Marino Grand Prix,27/04/1997,\N
211,5,6,Monaco Grand Prix,11/05/1997,\N
212,6,4,Spanish Grand Prix,25/05/1997,\N
213,7,7,Canadian Grand Prix,15/06/1997,\N
214,8,8,French Grand Prix,29/06/1997,\N
215,9,9,British Grand Prix,13/07/1997,\N
216,10,10,German Grand Prix,27/07/1997,\N
217,11,11,Hungarian Grand Prix,10/08/1997,\N
218,12,13,Belgian Grand Prix,24/08/1997,\N
219,13,14,Italian Grand Prix,07/09/1997,\N
220,14,23,Austrian Grand Prix,21/09/1997,\N
221,15,20,Luxembourg Grand Prix,28/09/1997,\N
222,16,22,Japanese Grand Prix,12/10/1997,\N
223,17,26,European Grand Prix,26/10/1997,\N
224,1,1,Australian Grand Prix,10/03/1996,\N
225,2,18,Brazilian Grand Prix,31/03/1996,\N
226,3,25,Argentine Grand Prix,07/04/1996,\N
227,4,20,European Grand Prix,28/04/1996,\N
228,5,21,San Marino Grand Prix,05/05/1996,\N
229,6,6,Monaco Grand Prix,19/05/1996,\N
230,7,4,Spanish Grand Prix,02/06/1996,\N
231,8,7,Canadian Grand Prix,16/06/1996,\N
232,9,8,French Grand Prix,30/06/1996,\N
233,10,9,British Grand Prix,14/07/1996,\N
234,11,10,German Grand Prix,28/07/1996,\N
235,12,11,Hungarian Grand Prix,11/08/1996,\N
236,13,13,Belgian Grand Prix,25/08/1996,\N
237,14,14,Italian Grand Prix,08/09/1996,\N
238,15,27,Portuguese Grand Prix,22/09/1996,\N
239,16,22,Japanese Grand Prix,13/10/1996,\N
240,1,18,Brazilian Grand Prix,26/03/1995,\N
241,2,25,Argentine Grand Prix,09/04/1995,\N
242,3,21,San Marino Grand Prix,30/04/1995,\N
243,4,4,Spanish Grand Prix,14/05/1995,\N
244,5,6,Monaco Grand Prix,28/05/1995,\N
245,6,7,Canadian Grand Prix,11/06/1995,\N
246,7,8,French Grand Prix,02/07/1995,\N
247,8,9,British Grand Prix,16/07/1995,\N
248,9,10,German Grand Prix,30/07/1995,\N
249,10,11,Hungarian Grand Prix,13/08/1995,\N
250,11,13,Belgian Grand Prix,27/08/1995,\N
251,12,14,Italian Grand Prix,10/09/1995,\N
252,13,27,Portuguese Grand Prix,24/09/1995,\N
253,14,20,European Grand Prix,01/10/1995,\N
254,15,28,Pacific Grand Prix,22/10/1995,\N
255,16,22,Japanese Grand Prix,29/10/1995,\N
256,17,29,Australian Grand Prix,12/11/1995,\N
257,1,18,Brazilian Grand Prix,27/03/1994,\N
258,2,28,Pacific Grand Prix,17/04/1994,\N
259,3,21,San Marino Grand Prix,01/05/1994,\N
260,4,6,Monaco Grand Prix,15/05/1994,\N
261,5,4,Spanish Grand Prix,29/05/1994,\N
262,6,7,Canadian Grand Prix,12/06/1994,\N
263,7,8,French Grand Prix,03/07/1994,\N
264,8,9,British Grand Prix,10/07/1994,\N
265,9,10,German Grand Prix,31/07/1994,\N
266,10,11,Hungarian Grand Prix,14/08/1994,\N
267,11,13,Belgian Grand Prix,28/08/1994,\N
268,12,14,Italian Grand Prix,11/09/1994,\N
269,13,27,Portuguese Grand Prix,25/09/1994,\N
270,14,26,European Grand Prix,16/10/1994,\N
271,15,22,Japanese Grand Prix,06/11/1994,\N
272,16,29,Australian Grand Prix,13/11/1994,\N
273,1,30,South African Grand Prix,14/03/1993,\N
274,2,18,Brazilian Grand Prix,28/03/1993,\N
275,3,31,European Grand Prix,11/04/1993,\N
276,4,21,San Marino Grand Prix,25/04/1993,\N
277,5,4,Spanish Grand Prix,09/05/1993,\N
278,6,6,Monaco Grand Prix,23/05/1993,\N
279,7,7,Canadian Grand Prix,13/06/1993,\N
280,8,8,French Grand Prix,04/07/1993,\N
281,9,9,British Grand Prix,11/07/1993,\N
282,10,10,German Grand Prix,25/07/1993,\N
283,11,11,Hungarian Grand Prix,15/08/1993,\N
284,12,13,Belgian Grand Prix,29/08/1993,\N
285,13,14,Italian Grand Prix,12/09/1993,\N
286,14,27,Portuguese Grand Prix,26/09/1993,\N
287,15,22,Japanese Grand Prix,24/10/1993,\N
288,16,29,Australian Grand Prix,07/11/1993,\N
289,1,30,South African Grand Prix,01/03/1992,\N
290,2,32,Mexican Grand Prix,22/03/1992,\N
291,3,18,Brazilian Grand Prix,05/04/1992,\N
292,4,4,Spanish Grand Prix,03/05/1992,\N
293,5,21,San Marino Grand Prix,17/05/1992,\N
294,6,6,Monaco Grand Prix,31/05/1992,\N
295,7,7,Canadian Grand Prix,14/06/1992,\N
296,8,8,French Grand Prix,05/07/1992,\N
297,9,9,British Grand Prix,12/07/1992,\N
298,10,10,German Grand Prix,26/07/1992,\N
299,11,11,Hungarian Grand Prix,16/08/1992,\N
300,12,13,Belgian Grand Prix,30/08/1992,\N
301,13,14,Italian Grand Prix,13/09/1992,\N
302,14,27,Portuguese Grand Prix,27/09/1992,\N
303,15,22,Japanese Grand Prix,25/10/1992,\N
304,16,29,Australian Grand Prix,08/11/1992,\N
305,1,33,United States Grand Prix,10/03/1991,\N
306,2,18,Brazilian Grand Prix,24/03/1991,\N
307,3,21,San Marino Grand Prix,28/04/1991,\N
308,4,6,Monaco Grand Prix,12/05/1991,\N
309,5,7,Canadian Grand Prix,02/06/1991,\N
310,6,32,Mexican Grand Prix,16/06/1991,\N
311,7,8,French Grand Prix,07/07/1991,\N
312,8,9,British Grand Prix,14/07/1991,\N
313,9,10,German Grand Prix,28/07/1991,\N
314,10,11,Hungarian Grand Prix,11/08/1991,\N
315,11,13,Belgian Grand Prix,25/08/1991,\N
316,12,14,Italian Grand Prix,08/09/1991,\N
317,13,27,Portuguese Grand Prix,22/09/1991,\N
318,14,4,Spanish Grand Prix,29/09/1991,\N
319,15,22,Japanese Grand Prix,20/10/1991,\N
320,16,29,Australian Grand Prix,03/11/1991,\N
321,1,33,United States Grand Prix,11/03/1990,\N
322,2,18,Brazilian Grand Prix,25/03/1990,\N
323,3,21,San Marino Grand Prix,13/05/1990,\N
324,4,6,Monaco Grand Prix,27/05/1990,\N
325,5,7,Canadian Grand Prix,10/06/1990,\N
326,6,32,Mexican Grand Prix,24/06/1990,\N
327,7,34,French Grand Prix,08/07/1990,\N
328,8,9,British Grand Prix,15/07/1990,\N
329,9,10,German Grand Prix,29/07/1990,\N
330,10,11,Hungarian Grand Prix,12/08/1990,\N
331,11,13,Belgian Grand Prix,26/08/1990,\N
332,12,14,Italian Grand Prix,09/09/1990,\N
333,13,27,Portuguese Grand Prix,23/09/1990,\N
334,14,26,Spanish Grand Prix,30/09/1990,\N
335,15,22,Japanese Grand Prix,21/10/1990,\N
336,16,29,Australian Grand Prix,04/11/1990,\N
337,1,3,Bahrain Grand Prix,14/03/2010,12:00:00
338,2,1,Australian Grand Prix,28/03/2010,06:00:00
339,3,2,Malaysian Grand Prix,04/04/2010,08:00:00
340,4,17,Chinese Grand Prix,18/04/2010,06:00:00
341,5,4,Spanish Grand Prix,09/05/2010,12:00:00
342,6,6,Monaco Grand Prix,16/05/2010,12:00:00
343,7,5,Turkish Grand Prix,30/05/2010,11:00:00
344,8,7,Canadian Grand Prix,13/06/2010,16:00:00
345,9,12,European Grand Prix,27/06/2010,12:00:00
346,10,9,British Grand Prix,11/07/2010,12:00:00
347,11,10,German Grand Prix,25/07/2010,12:00:00
348,12,11,Hungarian Grand Prix,01/08/2010,12:00:00
349,13,13,Belgian Grand Prix,29/08/2010,12:00:00
350,14,14,Italian Grand Prix,12/09/2010,12:00:00
351,15,15,Singapore Grand Prix,26/09/2010,12:00:00
352,16,22,Japanese Grand Prix,10/10/2010,06:00:00
353,17,35,Korean Grand Prix,24/10/2010,05:00:00
354,18,18,Brazilian Grand Prix,07/11/2010,16:00:00
355,19,24,Abu Dhabi Grand Prix,14/11/2010,13:00:00
356,1,36,Brazilian Grand Prix,26/03/1989,\N
357,2,21,San Marino Grand Prix,23/04/1989,\N
358,3,6,Monaco Grand Prix,07/05/1989,\N
359,4,32,Mexican Grand Prix,28/05/1989,\N
360,5,33,United States Grand Prix,04/06/1989,\N
361,6,7,Canadian Grand Prix,18/06/1989,\N
362,7,34,French Grand Prix,09/07/1989,\N
363,8,9,British Grand Prix,16/07/1989,\N
364,9,10,German Grand Prix,30/07/1989,\N
365,10,11,Hungarian Grand Prix,13/08/1989,\N
366,11,13,Belgian Grand Prix,27/08/1989,\N
367,12,14,Italian Grand Prix,10/09/1989,\N
368,13,27,Portuguese Grand Prix,24/09/1989,\N
369,14,26,Spanish Grand Prix,01/10/1989,\N
370,15,22,Japanese Grand Prix,22/10/1989,\N
371,16,29,Australian Grand Prix,05/11/1989,\N
372,1,36,Brazilian Grand Prix,03/04/1988,\N
373,2,21,San Marino Grand Prix,01/05/1988,\N
374,3,6,Monaco Grand Prix,15/05/1988,\N
375,4,32,Mexican Grand Prix,29/05/1988,\N
376,5,7,Canadian Grand Prix,12/06/1988,\N
377,6,37,Detroit Grand Prix,19/06/1988,\N
378,7,34,French Grand Prix,03/07/1988,\N
379,8,9,British Grand Prix,10/07/1988,\N
380,9,10,German Grand Prix,24/07/1988,\N
381,10,11,Hungarian Grand Prix,07/08/1988,\N
382,11,13,Belgian Grand Prix,28/08/1988,\N
383,12,14,Italian Grand Prix,11/09/1988,\N
384,13,27,Portuguese Grand Prix,25/09/1988,\N
385,14,26,Spanish Grand Prix,02/10/1988,\N
386,15,22,Japanese Grand Prix,30/10/1988,\N
387,16,29,Australian Grand Prix,13/11/1988,\N
388,1,36,Brazilian Grand Prix,12/04/1987,\N
389,2,21,San Marino Grand Prix,03/05/1987,\N
390,3,13,Belgian Grand Prix,17/05/1987,\N
391,4,6,Monaco Grand Prix,31/05/1987,\N
392,5,37,Detroit Grand Prix,21/06/1987,\N
393,6,34,French Grand Prix,05/07/1987,\N
394,7,9,British Grand Prix,12/07/1987,\N
395,8,10,German Grand Prix,26/07/1987,\N
396,9,11,Hungarian Grand Prix,09/08/1987,\N
397,10,23,Austrian Grand Prix,16/08/1987,\N
398,11,14,Italian Grand Prix,06/09/1987,\N
399,12,27,Portuguese Grand Prix,20/09/1987,\N
400,13,26,Spanish Grand Prix,27/09/1987,\N
401,14,32,Mexican Grand Prix,18/10/1987,\N
402,15,22,Japanese Grand Prix,01/11/1987,\N
403,16,29,Australian Grand Prix,15/11/1987,\N
404,1,36,Brazilian Grand Prix,23/03/1986,\N
405,2,26,Spanish Grand Prix,13/04/1986,\N
406,3,21,San Marino Grand Prix,27/04/1986,\N
407,4,6,Monaco Grand Prix,11/05/1986,\N
408,5,13,Belgian Grand Prix,25/05/1986,\N
409,6,7,Canadian Grand Prix,15/06/1986,\N
410,7,37,Detroit Grand Prix,22/06/1986,\N
411,8,34,French Grand Prix,06/07/1986,\N
412,9,38,British Grand Prix,13/07/1986,\N
413,10,10,German Grand Prix,27/07/1986,\N
414,11,11,Hungarian Grand Prix,10/08/1986,\N
415,12,23,Austrian Grand Prix,17/08/1986,\N
416,13,14,Italian Grand Prix,07/09/1986,\N
417,14,27,Portuguese Grand Prix,21/09/1986,\N
418,15,32,Mexican Grand Prix,12/10/1986,\N
419,16,29,Australian Grand Prix,26/10/1986,\N
420,1,36,Brazilian Grand Prix,07/04/1985,\N
421,2,27,Portuguese Grand Prix,21/04/1985,\N
422,3,21,San Marino Grand Prix,05/05/1985,\N
423,4,6,Monaco Grand Prix,19/05/1985,\N
424,5,7,Canadian Grand Prix,16/06/1985,\N
425,6,37,Detroit Grand Prix,23/06/1985,\N
426,7,34,French Grand Prix,07/07/1985,\N
427,8,9,British Grand Prix,21/07/1985,\N
428,9,20,German Grand Prix,04/08/1985,\N
429,10,23,Austrian Grand Prix,18/08/1985,\N
430,11,39,Dutch Grand Prix,25/08/1985,\N
431,12,14,Italian Grand Prix,08/09/1985,\N
432,13,13,Belgian Grand Prix,15/09/1985,\N
433,14,38,European Grand Prix,06/10/1985,\N
434,15,30,South African Grand Prix,19/10/1985,\N
435,16,29,Australian Grand Prix,03/11/1985,\N
436,1,36,Brazilian Grand Prix,25/03/1984,\N
437,2,30,South African Grand Prix,07/04/1984,\N
438,3,40,Belgian Grand Prix,29/04/1984,\N
439,4,21,San Marino Grand Prix,06/05/1984,\N
440,5,41,French Grand Prix,20/05/1984,\N
441,6,6,Monaco Grand Prix,03/06/1984,\N
442,7,7,Canadian Grand Prix,17/06/1984,\N
443,8,37,Detroit Grand Prix,24/06/1984,\N
444,9,42,Dallas Grand Prix,08/07/1984,\N
445,10,38,British Grand Prix,22/07/1984,\N
446,11,10,German Grand Prix,05/08/1984,\N
447,12,23,Austrian Grand Prix,19/08/1984,\N
448,13,39,Dutch Grand Prix,26/08/1984,\N
449,14,14,Italian Grand Prix,09/09/1984,\N
450,15,20,European Grand Prix,07/10/1984,\N
451,16,27,Portuguese Grand Prix,21/10/1984,\N
452,1,36,Brazilian Grand Prix,13/03/1983,\N
453,2,43,United States Grand Prix West,27/03/1983,\N
454,3,34,French Grand Prix,17/04/1983,\N
455,4,21,San Marino Grand Prix,01/05/1983,\N
456,5,6,Monaco Grand Prix,15/05/1983,\N
457,6,13,Belgian Grand Prix,22/05/1983,\N
458,7,37,Detroit Grand Prix,05/06/1983,\N
459,8,7,Canadian Grand Prix,12/06/1983,\N
460,9,9,British Grand Prix,16/07/1983,\N
461,10,10,German Grand Prix,07/08/1983,\N
462,11,23,Austrian Grand Prix,14/08/1983,\N
463,12,39,Dutch Grand Prix,28/08/1983,\N
464,13,14,Italian Grand Prix,11/09/1983,\N
465,14,38,European Grand Prix,25/09/1983,\N
466,15,30,South African Grand Prix,15/10/1983,\N
467,1,30,South African Grand Prix,23/01/1982,\N
468,2,36,Brazilian Grand Prix,21/03/1982,\N
469,3,43,United States Grand Prix West,04/04/1982,\N
470,4,21,San Marino Grand Prix,25/04/1982,\N
471,5,40,Belgian Grand Prix,09/05/1982,\N
472,6,6,Monaco Grand Prix,23/05/1982,\N
473,7,37,Detroit Grand Prix,06/06/1982,\N
474,8,7,Canadian Grand Prix,13/06/1982,\N
475,9,39,Dutch Grand Prix,03/07/1982,\N
476,10,38,British Grand Prix,18/07/1982,\N
477,11,34,French Grand Prix,25/07/1982,\N
478,12,10,German Grand Prix,08/08/1982,\N
479,13,23,Austrian Grand Prix,15/08/1982,\N
480,14,41,Swiss Grand Prix,29/08/1982,\N
481,15,14,Italian Grand Prix,12/09/1982,\N
482,16,44,Caesars Palace Grand Prix,25/09/1982,\N
483,1,43,United States Grand Prix West,15/03/1981,\N
484,2,36,Brazilian Grand Prix,29/03/1981,\N
485,3,25,Argentine Grand Prix,12/04/1981,\N
486,4,21,San Marino Grand Prix,03/05/1981,\N
487,5,40,Belgian Grand Prix,17/05/1981,\N
488,6,6,Monaco Grand Prix,31/05/1981,\N
489,7,45,Spanish Grand Prix,21/06/1981,\N
490,8,41,French Grand Prix,05/07/1981,\N
491,9,9,British Grand Prix,18/07/1981,\N
492,10,10,German Grand Prix,02/08/1981,\N
493,11,23,Austrian Grand Prix,16/08/1981,\N
494,12,39,Dutch Grand Prix,30/08/1981,\N
495,13,14,Italian Grand Prix,13/09/1981,\N
496,14,7,Canadian Grand Prix,27/09/1981,\N
497,15,44,Caesars Palace Grand Prix,17/10/1981,\N
498,1,25,Argentine Grand Prix,13/01/1980,\N
499,2,18,Brazilian Grand Prix,27/01/1980,\N
500,3,30,South African Grand Prix,01/03/1980,\N
501,4,43,United States Grand Prix West,30/03/1980,\N
502,5,40,Belgian Grand Prix,04/05/1980,\N
503,6,6,Monaco Grand Prix,18/05/1980,\N
504,7,34,French Grand Prix,29/06/1980,\N
505,8,38,British Grand Prix,13/07/1980,\N
506,9,10,German Grand Prix,10/08/1980,\N
507,10,23,Austrian Grand Prix,17/08/1980,\N
508,11,39,Dutch Grand Prix,31/08/1980,\N
509,12,21,Italian Grand Prix,14/09/1980,\N
510,13,7,Canadian Grand Prix,28/09/1980,\N
511,14,46,United States Grand Prix,05/10/1980,\N
512,1,25,Argentine Grand Prix,21/01/1979,\N
513,2,18,Brazilian Grand Prix,04/02/1979,\N
514,3,30,South African Grand Prix,03/03/1979,\N
515,4,43,United States Grand Prix West,08/04/1979,\N
516,5,45,Spanish Grand Prix,29/04/1979,\N
517,6,40,Belgian Grand Prix,13/05/1979,\N
518,7,6,Monaco Grand Prix,27/05/1979,\N
519,8,41,French Grand Prix,01/07/1979,\N
520,9,9,British Grand Prix,14/07/1979,\N
521,10,10,German Grand Prix,29/07/1979,\N
522,11,23,Austrian Grand Prix,12/08/1979,\N
523,12,39,Dutch Grand Prix,26/08/1979,\N
524,13,14,Italian Grand Prix,09/09/1979,\N
525,14,7,Canadian Grand Prix,30/09/1979,\N
526,15,46,United States Grand Prix,07/10/1979,\N
527,1,25,Argentine Grand Prix,15/01/1978,\N
528,2,36,Brazilian Grand Prix,29/01/1978,\N
529,3,30,South African Grand Prix,04/03/1978,\N
530,4,43,United States Grand Prix West,02/04/1978,\N
531,5,6,Monaco Grand Prix,07/05/1978,\N
532,6,40,Belgian Grand Prix,21/05/1978,\N
533,7,45,Spanish Grand Prix,04/06/1978,\N
534,8,47,Swedish Grand Prix,17/06/1978,\N
535,9,34,French Grand Prix,02/07/1978,\N
536,10,38,British Grand Prix,16/07/1978,\N
537,11,10,German Grand Prix,30/07/1978,\N
538,12,23,Austrian Grand Prix,13/08/1978,\N
539,13,39,Dutch Grand Prix,27/08/1978,\N
540,14,14,Italian Grand Prix,10/09/1978,\N
541,15,46,United States Grand Prix,01/10/1978,\N
542,16,7,Canadian Grand Prix,08/10/1978,\N
543,1,25,Argentine Grand Prix,09/01/1977,\N
544,2,18,Brazilian Grand Prix,23/01/1977,\N
545,3,30,South African Grand Prix,05/03/1977,\N
546,4,43,United States Grand Prix West,03/04/1977,\N
547,5,45,Spanish Grand Prix,08/05/1977,\N
548,6,6,Monaco Grand Prix,22/05/1977,\N
549,7,40,Belgian Grand Prix,05/06/1977,\N
550,8,47,Swedish Grand Prix,19/06/1977,\N
551,9,41,French Grand Prix,03/07/1977,\N
552,10,9,British Grand Prix,16/07/1977,\N
553,11,10,German Grand Prix,31/07/1977,\N
554,12,23,Austrian Grand Prix,14/08/1977,\N
555,13,39,Dutch Grand Prix,28/08/1977,\N
556,14,14,Italian Grand Prix,11/09/1977,\N
557,15,46,United States Grand Prix,02/10/1977,\N
558,16,48,Canadian Grand Prix,09/10/1977,\N
559,17,16,Japanese Grand Prix,23/10/1977,\N
560,1,18,Brazilian Grand Prix,25/01/1976,\N
561,2,30,South African Grand Prix,06/03/1976,\N
562,3,43,United States Grand Prix West,28/03/1976,\N
563,4,45,Spanish Grand Prix,02/05/1976,\N
564,5,40,Belgian Grand Prix,16/05/1976,\N
565,6,6,Monaco Grand Prix,30/05/1976,\N
566,7,47,Swedish Grand Prix,13/06/1976,\N
567,8,34,French Grand Prix,04/07/1976,\N
568,9,38,British Grand Prix,18/07/1976,\N
569,10,20,German Grand Prix,01/08/1976,\N
570,11,23,Austrian Grand Prix,15/08/1976,\N
571,12,39,Dutch Grand Prix,29/08/1976,\N
572,13,14,Italian Grand Prix,12/09/1976,\N
573,14,48,Canadian Grand Prix,03/10/1976,\N
574,15,46,United States Grand Prix,10/10/1976,\N
575,16,16,Japanese Grand Prix,24/10/1976,\N
576,1,25,Argentine Grand Prix,12/01/1975,\N
577,2,18,Brazilian Grand Prix,26/01/1975,\N
578,3,30,South African Grand Prix,01/03/1975,\N
579,4,49,Spanish Grand Prix,27/04/1975,\N
580,5,6,Monaco Grand Prix,11/05/1975,\N
581,6,40,Belgian Grand Prix,25/05/1975,\N
582,7,47,Swedish Grand Prix,08/06/1975,\N
583,8,39,Dutch Grand Prix,22/06/1975,\N
584,9,34,French Grand Prix,06/07/1975,\N
585,10,9,British Grand Prix,19/07/1975,\N
586,11,20,German Grand Prix,03/08/1975,\N
587,12,23,Austrian Grand Prix,17/08/1975,\N
588,13,14,Italian Grand Prix,07/09/1975,\N
589,14,46,United States Grand Prix,05/10/1975,\N
590,1,25,Argentine Grand Prix,13/01/1974,\N
591,2,18,Brazilian Grand Prix,27/01/1974,\N
592,3,30,South African Grand Prix,30/03/1974,\N
593,4,45,Spanish Grand Prix,28/04/1974,\N
594,5,50,Belgian Grand Prix,12/05/1974,\N
595,6,6,Monaco Grand Prix,26/05/1974,\N
596,7,47,Swedish Grand Prix,09/06/1974,\N
597,8,39,Dutch Grand Prix,23/06/1974,\N
598,9,41,French Grand Prix,07/07/1974,\N
599,10,38,British Grand Prix,20/07/1974,\N
600,11,20,German Grand Prix,04/08/1974,\N
601,12,23,Austrian Grand Prix,18/08/1974,\N
602,13,14,Italian Grand Prix,08/09/1974,\N
603,14,48,Canadian Grand Prix,22/09/1974,\N
604,15,46,United States Grand Prix,06/10/1974,\N
605,1,25,Argentine Grand Prix,28/01/1973,\N
606,2,18,Brazilian Grand Prix,11/02/1973,\N
607,3,30,South African Grand Prix,03/03/1973,\N
608,4,49,Spanish Grand Prix,29/04/1973,\N
609,5,40,Belgian Grand Prix,20/05/1973,\N
610,6,6,Monaco Grand Prix,03/06/1973,\N
611,7,47,Swedish Grand Prix,17/06/1973,\N
612,8,34,French Grand Prix,01/07/1973,\N
613,9,9,British Grand Prix,14/07/1973,\N
614,10,39,Dutch Grand Prix,29/07/1973,\N
615,11,20,German Grand Prix,05/08/1973,\N
616,12,23,Austrian Grand Prix,19/08/1973,\N
617,13,14,Italian Grand Prix,09/09/1973,\N
618,14,48,Canadian Grand Prix,23/09/1973,\N
619,15,46,United States Grand Prix,07/10/1973,\N
620,1,25,Argentine Grand Prix,23/01/1972,\N
621,2,30,South African Grand Prix,04/03/1972,\N
622,3,45,Spanish Grand Prix,01/05/1972,\N
623,4,6,Monaco Grand Prix,14/05/1972,\N
624,5,50,Belgian Grand Prix,04/06/1972,\N
625,6,51,French Grand Prix,02/07/1972,\N
626,7,38,British Grand Prix,15/07/1972,\N
627,8,20,German Grand Prix,30/07/1972,\N
628,9,23,Austrian Grand Prix,13/08/1972,\N
629,10,14,Italian Grand Prix,10/09/1972,\N
630,11,48,Canadian Grand Prix,24/09/1972,\N
631,12,46,United States Grand Prix,08/10/1972,\N
632,1,30,South African Grand Prix,06/03/1971,\N
633,2,49,Spanish Grand Prix,18/04/1971,\N
634,3,6,Monaco Grand Prix,23/05/1971,\N
635,4,39,Dutch Grand Prix,20/06/1971,\N
636,5,34,French Grand Prix,04/07/1971,\N
637,6,9,British Grand Prix,17/07/1971,\N
638,7,20,German Grand Prix,01/08/1971,\N
639,8,23,Austrian Grand Prix,15/08/1971,\N
640,9,14,Italian Grand Prix,05/09/1971,\N
641,10,48,Canadian Grand Prix,19/09/1971,\N
642,11,46,United States Grand Prix,03/10/1971,\N
643,1,30,South African Grand Prix,07/03/1970,\N
644,2,45,Spanish Grand Prix,19/04/1970,\N
645,3,6,Monaco Grand Prix,10/05/1970,\N
646,4,13,Belgian Grand Prix,07/06/1970,\N
647,5,39,Dutch Grand Prix,21/06/1970,\N
648,6,51,French Grand Prix,05/07/1970,\N
649,7,38,British Grand Prix,18/07/1970,\N
650,8,10,German Grand Prix,02/08/1970,\N
651,9,23,Austrian Grand Prix,16/08/1970,\N
652,10,14,Italian Grand Prix,06/09/1970,\N
653,11,52,Canadian Grand Prix,20/09/1970,\N
654,12,46,United States Grand Prix,04/10/1970,\N
655,13,32,Mexican Grand Prix,25/10/1970,\N
656,1,30,South African Grand Prix,01/03/1969,\N
657,2,49,Spanish Grand Prix,04/05/1969,\N
658,3,6,Monaco Grand Prix,18/05/1969,\N
659,4,39,Dutch Grand Prix,21/06/1969,\N
660,5,51,French Grand Prix,06/07/1969,\N
661,6,9,British Grand Prix,19/07/1969,\N
662,7,20,German Grand Prix,03/08/1969,\N
663,8,14,Italian Grand Prix,07/09/1969,\N
664,9,48,Canadian Grand Prix,20/09/1969,\N
665,10,46,United States Grand Prix,05/10/1969,\N
666,11,32,Mexican Grand Prix,19/10/1969,\N
667,1,30,South African Grand Prix,01/01/1968,\N
668,2,45,Spanish Grand Prix,12/05/1968,\N
669,3,6,Monaco Grand Prix,26/05/1968,\N
670,4,13,Belgian Grand Prix,09/06/1968,\N
671,5,39,Dutch Grand Prix,23/06/1968,\N
672,6,53,French Grand Prix,07/07/1968,\N
673,7,38,British Grand Prix,20/07/1968,\N
674,8,20,German Grand Prix,04/08/1968,\N
675,9,14,Italian Grand Prix,08/09/1968,\N
676,10,52,Canadian Grand Prix,22/09/1968,\N
677,11,46,United States Grand Prix,06/10/1968,\N
678,12,32,Mexican Grand Prix,03/11/1968,\N
679,1,30,South African Grand Prix,02/01/1967,\N
680,2,6,Monaco Grand Prix,07/05/1967,\N
681,3,39,Dutch Grand Prix,04/06/1967,\N
682,4,13,Belgian Grand Prix,18/06/1967,\N
683,5,54,French Grand Prix,02/07/1967,\N
684,6,9,British Grand Prix,15/07/1967,\N
685,7,20,German Grand Prix,06/08/1967,\N
686,8,48,Canadian Grand Prix,27/08/1967,\N
687,9,14,Italian Grand Prix,10/09/1967,\N
688,10,46,United States Grand Prix,01/10/1967,\N
689,11,32,Mexican Grand Prix,22/10/1967,\N
690,1,6,Monaco Grand Prix,22/05/1966,\N
691,2,13,Belgian Grand Prix,12/06/1966,\N
692,3,55,French Grand Prix,03/07/1966,\N
693,4,38,British Grand Prix,16/07/1966,\N
694,5,39,Dutch Grand Prix,24/07/1966,\N
695,6,20,German Grand Prix,07/08/1966,\N
696,7,14,Italian Grand Prix,04/09/1966,\N
697,8,46,United States Grand Prix,02/10/1966,\N
698,9,32,Mexican Grand Prix,23/10/1966,\N
699,1,56,South African Grand Prix,01/01/1965,\N
700,2,6,Monaco Grand Prix,30/05/1965,\N
701,3,13,Belgian Grand Prix,13/06/1965,\N
702,4,51,French Grand Prix,27/06/1965,\N
703,5,9,British Grand Prix,10/07/1965,\N
704,6,39,Dutch Grand Prix,18/07/1965,\N
705,7,20,German Grand Prix,01/08/1965,\N
706,8,14,Italian Grand Prix,12/09/1965,\N
707,9,46,United States Grand Prix,03/10/1965,\N
708,10,32,Mexican Grand Prix,24/10/1965,\N
709,1,6,Monaco Grand Prix,10/05/1964,\N
710,2,39,Dutch Grand Prix,24/05/1964,\N
711,3,13,Belgian Grand Prix,14/06/1964,\N
712,4,53,French Grand Prix,28/06/1964,\N
713,5,38,British Grand Prix,11/07/1964,\N
714,6,20,German Grand Prix,02/08/1964,\N
715,7,57,Austrian Grand Prix,23/08/1964,\N
716,8,14,Italian Grand Prix,06/09/1964,\N
717,9,46,United States Grand Prix,04/10/1964,\N
718,10,32,Mexican Grand Prix,25/10/1964,\N
719,1,6,Monaco Grand Prix,26/05/1963,\N
720,2,13,Belgian Grand Prix,09/06/1963,\N
721,3,39,Dutch Grand Prix,23/06/1963,\N
722,4,55,French Grand Prix,30/06/1963,\N
723,5,9,British Grand Prix,20/07/1963,\N
724,6,20,German Grand Prix,04/08/1963,\N
725,7,14,Italian Grand Prix,08/09/1963,\N
726,8,46,United States Grand Prix,06/10/1963,\N
727,9,32,Mexican Grand Prix,27/10/1963,\N
728,10,56,South African Grand Prix,28/12/1963,\N
729,1,39,Dutch Grand Prix,20/05/1962,\N
730,2,6,Monaco Grand Prix,03/06/1962,\N
731,3,13,Belgian Grand Prix,17/06/1962,\N
732,4,53,French Grand Prix,08/07/1962,\N
733,5,58,British Grand Prix,21/07/1962,\N
734,6,20,German Grand Prix,05/08/1962,\N
735,7,14,Italian Grand Prix,16/09/1962,\N
736,8,46,United States Grand Prix,07/10/1962,\N
737,9,56,South African Grand Prix,29/12/1962,\N
738,1,6,Monaco Grand Prix,14/05/1961,\N
739,2,39,Dutch Grand Prix,22/05/1961,\N
740,3,13,Belgian Grand Prix,18/06/1961,\N
741,4,55,French Grand Prix,02/07/1961,\N
742,5,58,British Grand Prix,15/07/1961,\N
743,6,20,German Grand Prix,06/08/1961,\N
744,7,14,Italian Grand Prix,10/09/1961,\N
745,8,46,United States Grand Prix,08/10/1961,\N
746,1,25,Argentine Grand Prix,07/02/1960,\N
747,2,6,Monaco Grand Prix,29/05/1960,\N
748,3,19,Indianapolis 500,30/05/1960,\N
749,4,39,Dutch Grand Prix,06/06/1960,\N
750,5,13,Belgian Grand Prix,19/06/1960,\N
751,6,55,French Grand Prix,03/07/1960,\N
752,7,9,British Grand Prix,16/07/1960,\N
753,8,59,Portuguese Grand Prix,14/08/1960,\N
754,9,14,Italian Grand Prix,04/09/1960,\N
755,10,60,United States Grand Prix,20/11/1960,\N
756,1,6,Monaco Grand Prix,10/05/1959,\N
757,2,19,Indianapolis 500,30/05/1959,\N
758,3,39,Dutch Grand Prix,31/05/1959,\N
759,4,55,French Grand Prix,05/07/1959,\N
760,5,58,British Grand Prix,18/07/1959,\N
761,6,61,German Grand Prix,02/08/1959,\N
762,7,62,Portuguese Grand Prix,23/08/1959,\N
763,8,14,Italian Grand Prix,13/09/1959,\N
764,9,63,United States Grand Prix,12/12/1959,\N
765,1,25,Argentine Grand Prix,19/01/1958,\N
766,2,6,Monaco Grand Prix,18/05/1958,\N
767,3,39,Dutch Grand Prix,26/05/1958,\N
768,4,19,Indianapolis 500,30/05/1958,\N
769,5,13,Belgian Grand Prix,15/06/1958,\N
770,6,55,French Grand Prix,06/07/1958,\N
771,7,9,British Grand Prix,19/07/1958,\N
772,8,20,German Grand Prix,03/08/1958,\N
773,9,59,Portuguese Grand Prix,24/08/1958,\N
774,10,14,Italian Grand Prix,07/09/1958,\N
775,11,64,Moroccan Grand Prix,19/10/1958,\N
776,1,25,Argentine Grand Prix,13/01/1957,\N
777,2,6,Monaco Grand Prix,19/05/1957,\N
778,3,19,Indianapolis 500,30/05/1957,\N
779,4,53,French Grand Prix,07/07/1957,\N
780,5,58,British Grand Prix,20/07/1957,\N
781,6,20,German Grand Prix,04/08/1957,\N
782,7,65,Pescara Grand Prix,18/08/1957,\N
783,8,14,Italian Grand Prix,08/09/1957,\N
784,1,25,Argentine Grand Prix,22/01/1956,\N
785,2,6,Monaco Grand Prix,13/05/1956,\N
786,3,19,Indianapolis 500,30/05/1956,\N
787,4,13,Belgian Grand Prix,03/06/1956,\N
788,5,55,French Grand Prix,01/07/1956,\N
789,6,9,British Grand Prix,14/07/1956,\N
790,7,20,German Grand Prix,05/08/1956,\N
791,8,14,Italian Grand Prix,02/09/1956,\N
792,1,25,Argentine Grand Prix,16/01/1955,\N
793,2,6,Monaco Grand Prix,22/05/1955,\N
794,3,19,Indianapolis 500,30/05/1955,\N
795,4,13,Belgian Grand Prix,05/06/1955,\N
796,5,39,Dutch Grand Prix,19/06/1955,\N
797,6,58,British Grand Prix,16/07/1955,\N
798,7,14,Italian Grand Prix,11/09/1955,\N
799,1,25,Argentine Grand Prix,17/01/1954,\N
800,2,19,Indianapolis 500,31/05/1954,\N
801,3,13,Belgian Grand Prix,20/06/1954,\N
802,4,55,French Grand Prix,04/07/1954,\N
803,5,9,British Grand Prix,17/07/1954,\N
804,6,20,German Grand Prix,01/08/1954,\N
805,7,66,Swiss Grand Prix,22/08/1954,\N
806,8,14,Italian Grand Prix,05/09/1954,\N
807,9,67,Spanish Grand Prix,24/10/1954,\N
808,1,25,Argentine Grand Prix,18/01/1953,\N
809,2,19,Indianapolis 500,30/05/1953,\N
810,3,39,Dutch Grand Prix,07/06/1953,\N
811,4,13,Belgian Grand Prix,21/06/1953,\N
812,5,55,French Grand Prix,05/07/1953,\N
813,6,9,British Grand Prix,18/07/1953,\N
814,7,20,German Grand Prix,02/08/1953,\N
815,8,66,Swiss Grand Prix,23/08/1953,\N
816,9,14,Italian Grand Prix,13/09/1953,\N
817,1,66,Swiss Grand Prix,18/05/1952,\N
818,2,19,Indianapolis 500,30/05/1952,\N
819,3,13,Belgian Grand Prix,22/06/1952,\N
820,4,53,French Grand Prix,06/07/1952,\N
821,5,9,British Grand Prix,19/07/1952,\N
822,6,20,German Grand Prix,03/08/1952,\N
823,7,39,Dutch Grand Prix,17/08/1952,\N
824,8,14,Italian Grand Prix,07/09/1952,\N
825,1,66,Swiss Grand Prix,27/05/1951,\N
826,2,19,Indianapolis 500,30/05/1951,\N
827,3,13,Belgian Grand Prix,17/06/1951,\N
828,4,55,French Grand Prix,01/07/1951,\N
829,5,9,British Grand Prix,14/07/1951,\N
830,6,20,German Grand Prix,29/07/1951,\N
831,7,14,Italian Grand Prix,16/09/1951,\N
832,8,67,Spanish Grand Prix,28/10/1951,\N
833,1,9,British Grand Prix,13/05/1950,\N
834,2,6,Monaco Grand Prix,21/05/1950,\N
835,3,19,Indianapolis 500,30/05/1950,\N
836,4,66,Swiss Grand Prix,04/06/1950,\N
837,5,13,Belgian Grand Prix,18/06/1950,\N
838,6,55,French Grand Prix,02/07/1950,\N
839,7,14,Italian Grand Prix,03/09/1950,\N
841,1,1,Australian Grand Prix,27/03/2011,06:00:00
842,2,2,Malaysian Grand Prix,10/04/2011,08:00:00
843,3,17,Chinese Grand Prix,17/04/2011,07:00:00
844,4,5,Turkish Grand Prix,08/05/2011,12:00:00
845,5,4,Spanish Grand Prix,22/05/2011,12:00:00
846,6,6,Monaco Grand Prix,29/05/2011,12:00:00
847,7,7,Canadian Grand Prix,12/06/2011,17:00:00
848,8,12,European Grand Prix,26/06/2011,12:00:00
849,9,9,British Grand Prix,10/07/2011,12:00:00
850,10,20,German Grand Prix,24/07/2011,12:00:00
851,11,11,Hungarian Grand Prix,31/07/2011,12:00:00
852,12,13,Belgian Grand Prix,28/08/2011,12:00:00
853,13,14,Italian Grand Prix,11/09/2011,12:00:00
854,14,15,Singapore Grand Prix,25/09/2011,12:00:00
855,15,22,Japanese Grand Prix,09/10/2011,06:00:00
856,16,35,Korean Grand Prix,16/10/2011,06:00:00
857,17,68,Indian Grand Prix,30/10/2011,09:30:00
858,18,24,Abu Dhabi Grand Prix,13/11/2011,13:00:00
859,19,18,Brazilian Grand Prix,27/11/2011,16:00:00
860,1,1,Australian Grand Prix,18/03/2012,06:00:00
861,2,2,Malaysian Grand Prix,25/03/2012,08:00:00
862,3,17,Chinese Grand Prix,15/04/2012,07:00:00
863,4,3,Bahrain Grand Prix,22/04/2012,12:00:00
864,5,4,Spanish Grand Prix,13/05/2012,12:00:00
865,6,6,Monaco Grand Prix,27/05/2012,12:00:00
866,7,7,Canadian Grand Prix,10/06/2012,18:00:00
867,8,12,European Grand Prix,24/06/2012,12:00:00
868,9,9,British Grand Prix,08/07/2012,12:00:00
869,10,10,German Grand Prix,22/07/2012,12:00:00
870,11,11,Hungarian Grand Prix,29/07/2012,12:00:00
871,12,13,Belgian Grand Prix,02/09/2012,12:00:00
872,13,14,Italian Grand Prix,09/09/2012,12:00:00
873,14,15,Singapore Grand Prix,23/09/2012,12:00:00
874,15,22,Japanese Grand Prix,07/10/2012,06:00:00
875,16,35,Korean Grand Prix,14/10/2012,06:00:00
876,17,68,Indian Grand Prix,28/10/2012,09:30:00
877,18,24,Abu Dhabi Grand Prix,04/11/2012,13:00:00
878,19,69,United States Grand Prix,18/11/2012,19:00:00
879,20,18,Brazilian Grand Prix,25/11/2012,16:00:00
880,1,1,Australian Grand Prix,17/03/2013,06:00:00
881,2,2,Malaysian Grand Prix,24/03/2013,08:00:00
882,3,17,Chinese Grand Prix,14/04/2013,07:00:00
883,4,3,Bahrain Grand Prix,21/04/2013,12:00:00
884,5,4,Spanish Grand Prix,12/05/2013,12:00:00
885,6,6,Monaco Grand Prix,26/05/2013,12:00:00
886,7,7,Canadian Grand Prix,09/06/2013,18:00:00
887,8,9,British Grand Prix,30/06/2013,12:00:00
888,9,20,German Grand Prix,07/07/2013,12:00:00
890,10,11,Hungarian Grand Prix,28/07/2013,12:00:00
891,11,13,Belgian Grand Prix,25/08/2013,12:00:00
892,12,14,Italian Grand Prix,08/09/2013,12:00:00
893,13,15,Singapore Grand Prix,22/09/2013,12:00:00
894,14,35,Korean Grand Prix,06/10/2013,06:00:00
895,15,22,Japanese Grand Prix,13/10/2013,06:00:00
896,16,68,Indian Grand Prix,27/10/2013,09:30:00
897,17,24,Abu Dhabi Grand Prix,03/11/2013,13:00:00
898,18,69,United States Grand Prix,17/11/2013,19:00:00
899,19,18,Brazilian Grand Prix,24/11/2013,16:00:00
900,1,1,Australian Grand Prix,16/03/2014,06:00:00
901,2,2,Malaysian Grand Prix,30/03/2014,08:00:00
902,3,3,Bahrain Grand Prix,06/04/2014,15:00:00
903,4,17,Chinese Grand Prix,20/04/2014,07:00:00
904,5,4,Spanish Grand Prix,11/05/2014,12:00:00
905,6,6,Monaco Grand Prix,25/05/2014,12:00:00
906,7,7,Canadian Grand Prix,08/06/2014,18:00:00
907,8,70,Austrian Grand Prix,22/06/2014,12:00:00
908,9,9,British Grand Prix,06/07/2014,12:00:00
909,10,10,German Grand Prix,20/07/2014,12:00:00
910,11,11,Hungarian Grand Prix,27/07/2014,12:00:00
911,12,13,Belgian Grand Prix,24/08/2014,12:00:00
912,13,14,Italian Grand Prix,07/09/2014,12:00:00
913,14,15,Singapore Grand Prix,21/09/2014,12:00:00
914,15,22,Japanese Grand Prix,05/10/2014,06:00:00
915,16,71,Russian Grand Prix,12/10/2014,11:00:00
916,17,69,United States Grand Prix,02/11/2014,20:00:00
917,18,18,Brazilian Grand Prix,09/11/2014,16:00:00
918,19,24,Abu Dhabi Grand Prix,23/11/2014,13:00:00
931,6,6,Monaco Grand Prix,24/05/2015,12:00:00
932,7,7,Canadian Grand Prix,07/06/2015,18:00:00
929,4,3,Bahrain Grand Prix,19/04/2015,15:00:00
930,5,4,Spanish Grand Prix,10/05/2015,12:00:00
928,3,17,Chinese Grand Prix,12/04/2015,06:00:00
926,1,1,Australian Grand Prix,15/03/2015,05:00:00
927,2,2,Malaysian Grand Prix,29/03/2015,07:00:00
933,8,70,Austrian Grand Prix,21/06/2015,12:00:00
934,9,9,British Grand Prix,05/07/2015,12:00:00
936,10,11,Hungarian Grand Prix,26/07/2015,12:00:00
937,11,13,Belgian Grand Prix,23/08/2015,12:00:00
938,12,14,Italian Grand Prix,06/09/2015,12:00:00
939,13,15,Singapore Grand Prix,20/09/2015,12:00:00
940,14,22,Japanese Grand Prix,27/09/2015,05:00:00
941,15,71,Russian Grand Prix,11/10/2015,11:00:00
942,16,69,United States Grand Prix,25/10/2015,19:00:00
943,17,32,Mexican Grand Prix,01/11/2015,19:00:00
944,18,18,Brazilian Grand Prix,15/11/2015,16:00:00
945,19,24,Abu Dhabi Grand Prix,29/11/2015,13:00:00
948,1,1,Australian Grand Prix,20/03/2016,05:00:00
949,2,3,Bahrain Grand Prix,03/04/2016,15:00:00
950,3,17,Chinese Grand Prix,17/04/2016,06:00:00
951,4,71,Russian Grand Prix,01/05/2016,12:00:00
952,5,4,Spanish Grand Prix,15/05/2016,12:00:00
953,6,6,Monaco Grand Prix,29/05/2016,12:00:00
954,7,7,Canadian Grand Prix,12/06/2016,18:00:00
955,8,73,European Grand Prix,19/06/2016,13:00:00
956,9,70,Austrian Grand Prix,03/07/2016,12:00:00
957,10,9,British Grand Prix,10/07/2016,12:00:00
958,11,11,Hungarian Grand Prix,24/07/2016,12:00:00
959,12,10,German Grand Prix,31/07/2016,12:00:00
960,13,13,Belgian Grand Prix,28/08/2016,12:00:00
961,14,14,Italian Grand Prix,04/09/2016,12:00:00
962,15,15,Singapore Grand Prix,18/09/2016,12:00:00
963,16,2,Malaysian Grand Prix,02/10/2016,07:00:00
964,17,22,Japanese Grand Prix,09/10/2016,05:00:00
965,18,69,United States Grand Prix,23/10/2016,19:00:00
966,19,32,Mexican Grand Prix,30/10/2016,19:00:00
967,20,18,Brazilian Grand Prix,13/11/2016,16:00:00
968,21,24,Abu Dhabi Grand Prix,27/11/2016,13:00:00
969,1,1,Australian Grand Prix,26/03/2017,05:00:00
970,2,17,Chinese Grand Prix,09/04/2017,06:00:00
971,3,3,Bahrain Grand Prix,16/04/2017,15:00:00
972,4,71,Russian Grand Prix,30/04/2017,12:00:00
973,5,4,Spanish Grand Prix,14/05/2017,12:00:00
974,6,6,Monaco Grand Prix,28/05/2017,12:00:00
975,7,7,Canadian Grand Prix,11/06/2017,18:00:00
976,8,73,Azerbaijan Grand Prix,25/06/2017,13:00:00
977,9,70,Austrian Grand Prix,09/07/2017,12:00:00
978,10,9,British Grand Prix,16/07/2017,12:00:00
979,11,11,Hungarian Grand Prix,30/07/2017,12:00:00
980,12,13,Belgian Grand Prix,27/08/2017,12:00:00
981,13,14,Italian Grand Prix,03/09/2017,12:00:00
982,14,15,Singapore Grand Prix,17/09/2017,12:00:00
983,15,2,Malaysian Grand Prix,01/10/2017,07:00:00
984,16,22,Japanese Grand Prix,08/10/2017,05:00:00
985,17,69,United States Grand Prix,22/10/2017,19:00:00
986,18,32,Mexican Grand Prix,29/10/2017,19:00:00
987,19,18,Brazilian Grand Prix,12/11/2017,16:00:00
988,20,24,Abu Dhabi Grand Prix,26/11/2017,13:00:00
989,1,1,Australian Grand Prix,25/03/2018,05:10:00
990,2,3,Bahrain Grand Prix,08/04/2018,15:10:00
991,3,17,Chinese Grand Prix,15/04/2018,06:10:00
992,4,73,Azerbaijan Grand Prix,29/04/2018,12:10:00
993,5,4,Spanish Grand Prix,13/05/2018,13:10:00
994,6,6,Monaco Grand Prix,27/05/2018,13:10:00
995,7,7,Canadian Grand Prix,10/06/2018,18:10:00
996,8,34,French Grand Prix,24/06/2018,14:10:00
997,9,70,Austrian Grand Prix,01/07/2018,13:10:00
998,10,9,British Grand Prix,08/07/2018,13:10:00
999,11,10,German Grand Prix,22/07/2018,13:10:00
1000,12,11,Hungarian Grand Prix,29/07/2018,13:10:00
1001,13,13,Belgian Grand Prix,26/08/2018,13:10:00
1002,14,14,Italian Grand Prix,02/09/2018,13:10:00
1003,15,15,Singapore Grand Prix,16/09/2018,12:10:00
1004,16,71,Russian Grand Prix,30/09/2018,11:10:00
1005,17,22,Japanese Grand Prix,07/10/2018,05:10:00
1006,18,69,United States Grand Prix,21/10/2018,18:10:00
1007,19,32,Mexican Grand Prix,28/10/2018,19:10:00
1008,20,18,Brazilian Grand Prix,11/11/2018,17:10:00
1009,21,24,Abu Dhabi Grand Prix,25/11/2018,13:10:00
1010,1,1,Australian Grand Prix,17/03/2019,05:10:00
1011,2,3,Bahrain Grand Prix,31/03/2019,15:10:00
1012,3,17,Chinese Grand Prix,14/04/2019,06:10:00
1013,4,73,Azerbaijan Grand Prix,28/04/2019,12:10:00
1014,5,4,Spanish Grand Prix,12/05/2019,13:10:00
1015,6,6,Monaco Grand Prix,26/05/2019,13:10:00
1016,7,7,Canadian Grand Prix,09/06/2019,18:10:00
1017,8,34,French Grand Prix,23/06/2019,13:10:00
1018,9,70,Austrian Grand Prix,30/06/2019,13:10:00
1019,10,9,British Grand Prix,14/07/2019,13:10:00
1020,11,10,German Grand Prix,28/07/2019,13:10:00
1021,12,11,Hungarian Grand Prix,04/08/2019,13:10:00
1022,13,13,Belgian Grand Prix,01/09/2019,13:10:00
1023,14,14,Italian Grand Prix,08/09/2019,13:10:00
1024,15,15,Singapore Grand Prix,22/09/2019,12:10:00
1025,16,71,Russian Grand Prix,29/09/2019,11:10:00
1026,17,22,Japanese Grand Prix,13/10/2019,05:10:00
1027,18,32,Mexican Grand Prix,27/10/2019,19:10:00
1028,19,69,United States Grand Prix,03/11/2019,19:10:00
1029,20,18,Brazilian Grand Prix,17/11/2019,17:10:00
1030,21,24,Abu Dhabi Grand Prix,01/12/2019,13:10:00
1031,1,70,Austrian Grand Prix,05/07/2020,13:10:00
1032,2,70,Styrian Grand Prix,12/07/2020,13:10:00
1033,3,11,Hungarian Grand Prix,19/07/2020,13:10:00
1034,4,9,British Grand Prix,02/08/2020,13:10:00
1035,5,9,70th Anniversary Grand Prix,09/08/2020,13:10:00
1036,6,4,Spanish Grand Prix,16/08/2020,13:10:00
1037,7,13,Belgian Grand Prix,30/08/2020,13:10:00
1038,8,14,Italian Grand Prix,06/09/2020,13:10:00
1039,9,76,Tuscan Grand Prix,13/09/2020,13:10:00
1040,10,71,Russian Grand Prix,27/09/2020,11:10:00
1041,11,20,Eifel Grand Prix,11/10/2020,13:10:00
1042,12,75,Portuguese Grand Prix,25/10/2020,12:10:00
1043,13,21,Emilia Romagna Grand Prix,01/11/2020,12:10:00
1044,14,5,Turkish Grand Prix,15/11/2020,10:10:00
1045,15,3,Bahrain Grand Prix,29/11/2020,14:10:00
1046,16,3,Sakhir Grand Prix,06/12/2020,17:10:00
1047,17,24,Abu Dhabi Grand Prix,13/12/2020,13:10:00
1053,2,21,Emilia Romagna Grand Prix,18/04/2021,13:00:00
1052,1,3,Bahrain Grand Prix,28/03/2021,15:00:00
1051,21,1,Australian Grand Prix,21/11/2021,06:00:00
1054,3,75,Portuguese Grand Prix,02/05/2021,14:00:00
1055,4,4,Spanish Grand Prix,09/05/2021,13:00:00
1056,5,6,Monaco Grand Prix,23/05/2021,13:00:00
1057,6,73,Azerbaijan Grand Prix,06/06/2021,12:00:00
1058,8,70,Styrian Grand Prix,27/06/2021,13:00:00
1059,7,34,French Grand Prix,20/06/2021,13:00:00
1060,9,70,Austrian Grand Prix,04/07/2021,13:00:00
1061,10,9,British Grand Prix,18/07/2021,14:00:00
1062,11,11,Hungarian Grand Prix,01/08/2021,13:00:00
1063,12,13,Belgian Grand Prix,29/08/2021,13:00:00
1064,13,39,Dutch Grand Prix,05/09/2021,13:00:00
1065,14,14,Italian Grand Prix,12/09/2021,13:00:00
1066,15,71,Russian Grand Prix,26/09/2021,12:00:00
1067,16,5,Turkish Grand Prix,03/10/2021,10:10:00
1068,17,22,Japanese Grand Prix,10/10/2021,05:00:00
1069,18,69,United States Grand Prix,24/10/2021,19:00:00
1070,19,32,Mexico City Grand Prix,31/10/2021,19:00:00
1071,20,18,Brazilian Grand Prix,07/11/2021,17:00:00
1072,22,77,Saudi Arabian Grand Prix,05/12/2021,16:00:00
1073,23,24,Abu Dhabi Grand Prix,12/12/2021,13:00:00
